﻿<?xml version="1.0" ?>
<synergyModuleDescription>
    <config id="config.driver.agt" path="ssp_cfg/driver/r_agt_cfg.h" version="0">
        <property default="config.driver.agt.param_checking_enable.bsp" display="Parameter Checking" id="config.driver.agt.param_checking_enable" description="If selected code for parameter checking is included in the build.">
            <option display="Default (BSP)" id="config.driver.agt.param_checking_enable.bsp" value="(BSP_CFG_PARAM_CHECKING_ENABLE)"/>
            <option display="Enabled" id="config.driver.agt.param_checking_enable.enabled" value="(1)"/>
            <option display="Disabled" id="config.driver.agt.param_checking_enable.disabled" value="(0)"/>
        </property>
        <content>#define AGT_CFG_PARAM_CHECKING_ENABLE ${config.driver.agt.param_checking_enable}
</content>
    </config>
    <module config="config.driver.agt" display="Driver|Timers|${module.driver.timer.name} Timer Driver on r_agt" id="module.driver.timer_on_agt" version="1" url="https://knowledgebase.renesas.com/English_Content/Renesas_Synergy%E2%84%A2_Platform/Renesas_Synergy_Knowledge_Base/r_agt_Module_Guide_Resources">
        <constraint display="Requires AGT${module.driver.timer.channel} Underflow Interrupt (INT) enabled">
            "${module.driver.timer.p_callback}" === "NULL" || "${module.driver.timer.irq_ipl}" != "board.icu.common.irq.disabled"
        </constraint> 
        <constraint display="Unique name required for each instance">
            "${interface.driver.timer.${module.driver.timer.name}}" === "1"
        </constraint>
        <constraint display="Requires AGT peripheral">
          "${interface.mcu.agt}" === "1"
        </constraint>
        <constraint display="PCLKB divisor is calculated at runtime.  Select PCLKB for Count Source instead of PCLKB/2 or PCLKB/8.">
            "${module.driver.timer.count_source}" != "module.driver.timer.count_source.clock_pclkb_div_8" &amp;&amp;
            "${module.driver.timer.count_source}" != "module.driver.timer.count_source.clock_pclkb_div_2"
        </constraint>
        <requires id="module.driver.timer.requires.agt" interface="interface.mcu.agt" visible="false" display="Requires AGT peripheral" />
        <provides interface="interface.driver.timer" />
        <provides interface="interface.driver.timer_on_agt" />
        <provides interface="interface.driver.timer.${module.driver.timer.name}" />
        <property default="g_timer${_instance}" display="Name" id="module.driver.timer.name" description="Module name.">
            <constraint display="Name must be a valid C symbol">testSymbol("${module.driver.timer.name}")</constraint>
        </property>
        <property default="0" display="Channel" id="module.driver.timer.channel" description="Physical hardware channel.">
		<constraint display="Available AGT Channels are 0 and 1">testInteger("${module.driver.timer.channel}")  &amp;&amp; ("${module.driver.timer.channel}" &gt;= 0)  &amp;&amp; ("${module.driver.timer.channel}" &lt;= 1)</constraint>
        </property>        
        <property default="module.driver.timer.mode.mode_periodic" display="Mode" id="module.driver.timer.mode" description="Select the timer mode.">
            <option display="Periodic" id="module.driver.timer.mode.mode_periodic" value="TIMER_MODE_PERIODIC"/>
            <option display="One Shot" id="module.driver.timer.mode.mode_one_shot" value="TIMER_MODE_ONE_SHOT"/>
        </property>
        <property default="10" display="Period Value" id="module.driver.timer.period" description="Timer period in the selected unit.">
            <constraint display="Value must be a non-negative integer">testInteger("${module.driver.timer.period}")  &amp;&amp; ("${module.driver.timer.period}" &gt;= 0)</constraint>
        </property>                
        <property default="module.driver.timer.unit.unit_period_usec" display="Period Unit" id="module.driver.timer.unit" description="The unit for the timer period.">
            <option display="Raw Counts" id="module.driver.timer.unit.unit_period_raw_counts" value="TIMER_UNIT_PERIOD_RAW_COUNTS"/>
            <option display="Nanoseconds" id="module.driver.timer.unit.unit_period_nsec" value="TIMER_UNIT_PERIOD_NSEC"/>
            <option display="Microseconds" id="module.driver.timer.unit.unit_period_usec" value="TIMER_UNIT_PERIOD_USEC"/>
            <option display="Milliseconds" id="module.driver.timer.unit.unit_period_msec" value="TIMER_UNIT_PERIOD_MSEC"/>
            <option display="Seconds" id="module.driver.timer.unit.unit_period_sec" value="TIMER_UNIT_PERIOD_SEC"/>
            <option display="Hertz" id="module.driver.timer.unit.unit_frequency_hz" value="TIMER_UNIT_FREQUENCY_HZ"/>
            <option display="Kilohertz" id="module.driver.timer.unit.unit_frequency_khz" value="TIMER_UNIT_FREQUENCY_KHZ"/>
        </property>
        <property default="module.driver.timer.autostart.true" display="Auto Start" id="module.driver.timer.autostart" description="Automatically start the timer in open().">
            <option display="True" id="module.driver.timer.autostart.true" value="true"/>
            <option display="False" id="module.driver.timer.autostart.false" value="false"/>
        </property>                
        <property default="module.driver.timer.count_source.clock_pclkb" display="Count Source" id="module.driver.timer.count_source" description="AGT counter clock source.  NOTE: To use PCLKB as the clock source, select PCLKB regardless of the divisor (do not select PCLKB/2 or PCLKB/8).  The divisor is calculated at runtime.  See agt_count_source_t documentation for details.">
            <option display="PCLKB" id="module.driver.timer.count_source.clock_pclkb" value="AGT_CLOCK_PCLKB"/>
            <option display="PCLKB/8" id="module.driver.timer.count_source.clock_pclkb_div_8" value="AGT_CLOCK_PCLKB_DIV_8"/>
            <option display="PCLKB/2" id="module.driver.timer.count_source.clock_pclkb_div_2" value="AGT_CLOCK_PCLKB_DIV_2"/>
            <option display="LOCO" id="module.driver.timer.count_source.clock_loco" value="AGT_CLOCK_LOCO"/>
            <option display="AGT0 Underflow" id="module.driver.timer.count_source.clock_agt0_underflow" value="AGT_CLOCK_AGT0_UNDERFLOW"/>
            <option display="AGT0 fSUB" id="module.driver.timer.count_source.clock_fsub" value="AGT_CLOCK_FSUB"/>
        </property>
        <property default="module.driver.timer.agto_output_enabled.false" display="AGTO Output Enabled" id="module.driver.timer.agto_output_enabled" description="Set to true to output the timer signal on a port pin configured for AGT (AGTO pin). Set to false for no output of the timer signal.">
            <option display="True" id="module.driver.timer.agto_output_enabled.true" value="true"/>
            <option display="False" id="module.driver.timer.agto_output_enabled.false" value="false"/>
        </property>
        <property default="module.driver.timer.agtio_output_enabled.false" display="AGTIO Output Enabled" id="module.driver.timer.agtio_output_enabled" description="Set to true to output the timer signal on a port pin configured for AGT (AGTIO pin). Set to false for no output of the timer signal.">
            <option display="True" id="module.driver.timer.agtio_output_enabled.true" value="true"/>
            <option display="False" id="module.driver.timer.agtio_output_enabled.false" value="false"/>
        </property>
        <property default="module.driver.timer.output_inverted.false" display="Output Inverted" id="module.driver.timer.output_inverted" description="Set to false to start the output signal low. Set to true to start the output signal high">
            <option display="True" id="module.driver.timer.output_inverted.true" value="true"/>
            <option display="False" id="module.driver.timer.output_inverted.false" value="false"/>
        </property>
        <property default="module.driver.timer.agtoa_output_enable.false" display="Enable comparator A output pin" id="module.driver.timer.agtoa_output_enable" description="Enable AGTOA compare match pin output.">
            <option display="True" id="module.driver.timer.agtoa_output_enable.true" value="true"/>
            <option display="False" id="module.driver.timer.agtoa_output_enable.false" value="false"/>
        </property>
        <property default="module.driver.timer.agtob_output_enable.false" display="Enable comparator B output pin" id="module.driver.timer.agtob_output_enable" description="Enable AGTOB compare match pin output.">
            <option display="True" id="module.driver.timer.agtob_output_enable.true" value="true"/>
            <option display="False" id="module.driver.timer.agtob_output_enable.false" value="false"/>
        </property>
        <property default="NULL" display="Callback" id="module.driver.timer.p_callback" description="A user callback function. If this callback function is provided, it is called from the interrupt service routine (ISR) each time the timer period elapses.">
            <constraint display="Name must be a valid C symbol">testSymbol("${module.driver.timer.p_callback}")</constraint>
        </property>
        <property default="" display="Underflow Interrupt Priority" id="module.driver.timer.irq_ipl" description="Timer interrupt priority.">
            <select enum="enum.mcu.nvic.priorities.optional"/>
        </property>
        <header>
            /** AGT Timer Instance */
            extern const timer_instance_t ${module.driver.timer.name};
            #ifndef ${module.driver.timer.p_callback}
            void ${module.driver.timer.p_callback}(timer_callback_args_t * p_args);
            #endif
        </header>
        <includes>#include &quot;r_agt.h&quot;
#include &quot;r_timer_api.h&quot;</includes>
        <declarations>
#if ${module.driver.timer.irq_ipl} != BSP_IRQ_DISABLED
#if !defined(SSP_SUPPRESS_ISR_${module.driver.timer.name}) &amp;&amp; !defined(SSP_SUPPRESS_ISR_AGT${module.driver.timer.channel})
SSP_VECTOR_DEFINE_CHAN(agt_int_isr, AGT, INT, ${module.driver.timer.channel});
#endif
#endif
static agt_instance_ctrl_t ${module.driver.timer.name}_ctrl;
static const timer_on_agt_cfg_t ${module.driver.timer.name}_extend =
{
    .count_source        = ${module.driver.timer.count_source},
    .agto_output_enabled = ${module.driver.timer.agto_output_enabled},
    .agtio_output_enabled = ${module.driver.timer.agtio_output_enabled},
    .output_inverted     = ${module.driver.timer.output_inverted},
    .agtoa_output_enable  = ${module.driver.timer.agtoa_output_enable},
    .agtob_output_enable  = ${module.driver.timer.agtob_output_enable},
};
static const timer_cfg_t ${module.driver.timer.name}_cfg =
{
    .mode                = ${module.driver.timer.mode},
    .period              = ${module.driver.timer.period},
    .unit                = ${module.driver.timer.unit},
    .channel             = ${module.driver.timer.channel},
    .autostart           = ${module.driver.timer.autostart},
    .p_callback          = ${module.driver.timer.p_callback},
    .p_context           = &amp;${module.driver.timer.name},
    .p_extend            = &amp;${module.driver.timer.name}_extend,
    .irq_ipl             = ${module.driver.timer.irq_ipl},
};
/* Instance structure to use this module. */
const timer_instance_t ${module.driver.timer.name} = 
{
    .p_ctrl        = &amp;${module.driver.timer.name}_ctrl,
    .p_cfg         = &amp;${module.driver.timer.name}_cfg,
    .p_api         = &amp;g_timer_on_agt
};
</declarations>
    </module>
</synergyModuleDescription>
