<?xml version="1.0" ?>
<synergyModuleDescription>
	<config id="config.driver.riic_slave" path="ssp_cfg/driver/r_riic_slave_cfg.h" version="0">
		<property default="config.driver.riic_slave.param_checking_enable.bsp" display="Parameter Checking" id="config.driver.riic_slave.param_checking_enable" description="If selected code for parameter checking is included in the build.">
			<option display="Default (BSP)" id="config.driver.riic_slave.param_checking_enable.bsp" value="(BSP_CFG_PARAM_CHECKING_ENABLE)"/>
			<option display="Enabled" id="config.driver.riic_slave.param_checking_enable.enabled" value="(1)"/>
			<option display="Disabled" id="config.driver.riic_slave.param_checking_enable.disabled" value="(0)"/>
		</property>
		<content>#define RIIC_SLAVE_CFG_PARAM_CHECKING_ENABLE ${config.driver.riic_slave.param_checking_enable}
</content>
	</config>
	<module config="config.driver.riic_slave" display="Driver|Connectivity|${module.driver.i2c.name} I2C Slave Driver on r_riic_slave" id="module.driver.i2c_on_riic_slave" version="1" url="https://knowledgebase.renesas.com/English_Content/Renesas_Synergy%E2%84%A2_Platform/Renesas_Synergy_Knowledge_Base/r_riic_slave_Module_Guide_Resources">
        <constraint display="Unique name required for each instance">
            "${interface.driver.i2c.${module.driver.i2c.name}}" === "1"
        </constraint>
        <constraint display="Requires IIC Peripheral">
          "${interface.mcu.iic.external}" === "1"
        </constraint>
        <requires id="module.driver.i2c_on_riic_slave.requires.iic" interface="interface.mcu.iic.external" visible="false" display="Requires IIC Peripheral" />
        <provides interface="interface.driver.i2c_on_iic" />
        <provides interface="interface.driver.i2c.${module.driver.i2c.name}" />
        <property default="g_i2c${_instance}" display="Name" id="module.driver.i2c.name" description="Module name.">
			<constraint display="Name must be a valid C symbol">testSymbol("${module.driver.i2c.name}")</constraint>
        </property>
		<property default="0" display="Channel" id="module.driver.i2c.channel" description="Specify the IIC channel.">
			<constraint display="Value must be a non-negative integer">testInteger("${module.driver.i2c.channel}")  &amp;&amp; ("${module.driver.i2c.channel}" &gt;= 0)</constraint>
        </property>
        <property default="module.driver.i2c.rate.rate_standard" display="Rate" id="module.driver.i2c.rate" description="Select the transfer rate.">
			<option display="Standard" id="module.driver.i2c.rate.rate_standard" value="I2C_RATE_STANDARD"/>
			<option display="Fast-mode" id="module.driver.i2c.rate.rate_fast" value="I2C_RATE_FAST"/>
			<option display="Fast-mode plus" id="module.driver.i2c.rate.rate_fastplus" value="I2C_RATE_FASTPLUS"/>
        </property>
		<property default="0x00" display="Slave Address" id="module.driver.i2c.slave" description="Specify the slave address.">
			<constraint display="Value must be non-negative">testInteger("${module.driver.i2c.slave}")  &amp;&amp; ("${module.driver.i2c.slave}" &gt;= 0)</constraint>
           </property>
		<property default="module.driver.i2c.addr_mode.addr_mode_7bit" display="Address Mode" id="module.driver.i2c.addr_mode" description="Select the slave address mode.">
			<option display="7-Bit" id="module.driver.i2c.addr_mode.addr_mode_7bit" value="I2C_ADDR_MODE_7BIT"/>
			<option display="10-Bit" id="module.driver.i2c.addr_mode.addr_mode_10bit" value="I2C_ADDR_MODE_10BIT"/>
		</property>
        <property default="NULL" display="Callback" id="module.driver.i2c.p_callback" description="A user callback function can be provided. If this callback function is provided, it will be called from the interrupt service routine (ISR) for each of the conditions defined in i2c_event_t ">
			<constraint display="Name must be a valid C symbol">testSymbol("${module.driver.i2c.p_callback}")</constraint>
        </property>
        <property default="" display="Receive Interrupt Priority" id="module.driver.i2c.rxi_ipl" description="Select the receive interrupt priority.">
            <select enum="enum.mcu.nvic.priorities.mandatory"/>
        </property>
        <property default="" display="Transmit Interrupt Priority" id="module.driver.i2c.txi_ipl" description="Select the transmit interrupt priority.">
            <select enum="enum.mcu.nvic.priorities.mandatory"/>
        </property>
        <property default="" display="Error Interrupt Priority" id="module.driver.i2c.eri_ipl" description="Select the error interrupt priority.">
            <select enum="enum.mcu.nvic.priorities.mandatory"/>
        </property>
        <header>
		extern const i2c_cfg_t ${module.driver.i2c.name}_cfg;
            /** I2C on RIIC Instance. */
			extern const i2c_slave_instance_t ${module.driver.i2c.name};
#ifndef ${module.driver.i2c.p_callback}
void ${module.driver.i2c.p_callback}(i2c_callback_args_t * p_args);
#endif
        </header>
		<includes>#include &quot;r_riic_slave.h&quot;
#include &quot;r_i2c_api.h&quot;</includes>
		<declarations>
#if !defined(SSP_SUPPRESS_ISR_${module.driver.i2c.name}) &amp;&amp; !defined(SSP_SUPPRESS_ISR_IIC${module.driver.i2c.channel})
SSP_VECTOR_DEFINE_CHAN(iic_slave_rxi_isr, IIC, RXI, ${module.driver.i2c.channel});
#endif
#if !defined(SSP_SUPPRESS_ISR_${module.driver.i2c.name}) &amp;&amp; !defined(SSP_SUPPRESS_ISR_IIC${module.driver.i2c.channel})
SSP_VECTOR_DEFINE_CHAN(iic_slave_txi_isr, IIC, TXI, ${module.driver.i2c.channel});
#endif
#if !defined(SSP_SUPPRESS_ISR_${module.driver.i2c.name}) &amp;&amp; !defined(SSP_SUPPRESS_ISR_IIC${module.driver.i2c.channel})
SSP_VECTOR_DEFINE_CHAN(iic_slave_eri_isr, IIC, ERI, ${module.driver.i2c.channel});
#endif
riic_slave_instance_ctrl_t ${module.driver.i2c.name}_ctrl;
const i2c_cfg_t ${module.driver.i2c.name}_cfg =
{
    .channel             = ${module.driver.i2c.channel},
    .rate                = ${module.driver.i2c.rate},
    .slave               = ${module.driver.i2c.slave},
    .addr_mode           = ${module.driver.i2c.addr_mode},
    .p_callback          = ${module.driver.i2c.p_callback},
    .p_context           = (void *)&amp;${module.driver.i2c.name},
    .rxi_ipl             = ${module.driver.i2c.rxi_ipl},
    .txi_ipl             = ${module.driver.i2c.txi_ipl},
    .eri_ipl             = ${module.driver.i2c.eri_ipl},
};
/* Instance structure to use this module. */
const i2c_slave_instance_t ${module.driver.i2c.name} = 
{
    .p_ctrl        = &amp;${module.driver.i2c.name}_ctrl,
    .p_cfg         = &amp;${module.driver.i2c.name}_cfg,
    .p_api         = &amp;g_i2c_slave_on_riic
};

</declarations>
	</module>
</synergyModuleDescription>
