<?xml version="1.0" ?>
<synergyModuleDescription>
	<config id="config.framework.sf_cellular_cat1_socket" path="ssp_cfg/framework/sf_cellular_cat1_socket_cfg.h" version="0">
		<property default="config.framework.sf_cellular_cat1_socket.param_checking_enable.bsp" display="Parameter Checking" id="module.framework.sf_cellular_cat1_socket.param_checking_enable">
			<option display="Default (BSP)" id="config.framework.sf_cellular_cat1_socket.param_checking_enable.bsp" value="(BSP_CFG_PARAM_CHECKING_ENABLE)"/>
			<option display="Enabled" id="module.framework.sf_cellular_cat1_socket.param_checking_enable.enabled" value="(1)"/>
			<option display="Disabled" id="module.framework.sf_cellular_cat1_socket.param_checking_enable.disabled" value="(0)"/>
		</property>
		<content>
		/** Parameter checking flag */
		#ifndef SF_CELLULAR_CAT1_SOCKET_CFG_PARAM_CHECKING_ENABLE
		#define SF_CELLULAR_CAT1_SOCKET_CFG_PARAM_CHECKING_ENABLE ${module.framework.sf_cellular_cat1_socket.param_checking_enable}
		#endif
		</content>
	</config>
	<module config="config.framework.sf_cellular_cat1_socket" display="Framework|Networking|Cellular|${module.framework.sf_cellular_cat1_socket.name} BSD Socket using CAT1 On-Chip Stack on CAT1 Cellular Framework" id="module.framework.sf_cellular_cat1_socket" version="1" url="https://knowledgebase.renesas.com/English_Content/Renesas_Synergy%E2%84%A2_Platform/Renesas_Synergy_Knowledge_Base/sf_cellular_Module_Guide_Resources">
		<requires interface="_rtos" />
		<requires id="module.framework.sf_cellular_cat1_socket.requires.sf_cellular" interface="interface.framework.sf_cellular" display="Add Cellular Framework" />
		<provides interface="interface.framework.sf_cellular_cat1_socket" />
		<provides interface="interface.framework.sf_cellular_socket_on_sf_cellular_cat1_socket" />
		<provides interface="interface.framework.sf_cellular_cat1_socket.${module.framework.sf_cellular_cat1_socket.name}" />
		<property default="g_sf_cellular_socket${_instance}" display="Name" id="module.framework.sf_cellular_cat1_socket.name" >
			<constraint display="Name must be a valid C symbol">testSymbol("${module.framework.sf_cellular_cat1_socket.name}")</constraint>
        </property>
		<header>
		/** sf_cellular_cat1_socket instance on CAT1 */
		extern sf_cellular_socket_instance_t ${module.framework.sf_cellular_cat1_socket.name};
		</header>
	<includes>#include &quot;sf_cellular_api.h&quot;
	#include &quot;sf_cellular_cat1_socket.h&quot;
	#include &quot;sf_cellular_socket_api.h&quot;</includes>
	<declarations>
/***********************************************************************************************************************
 * Cellular Socket Instance
 **********************************************************************************************************************/
/** Control structure for Socket */
static sf_cellular_socket_ctrl_t ${module.framework.sf_cellular_cat1_socket.name}_ctrl;

/** Configuration structure for sf_cellular_cat1_socket */
static const sf_cellular_socket_cfg_t  ${module.framework.sf_cellular_cat1_socket.name}_cfg =
{
  .p_lower_lvl_cellular = &amp;${module.framework.sf_cellular_cat1_socket.requires.sf_cellular::module.framework.sf_cellular.name},
};

sf_cellular_socket_instance_t ${module.framework.sf_cellular_cat1_socket.name} =
{
  .p_ctrl = &amp;${module.framework.sf_cellular_cat1_socket.name}_ctrl,
  .p_cfg  = &amp;${module.framework.sf_cellular_cat1_socket.name}_cfg,
  .p_api  = &amp;g_sf_cellular_socket_on_sf_cellular_cat1_socket,
};
	</declarations>
	</module>
</synergyModuleDescription>